{
    "name": "abckids",
    "targetType": "executable",
    "description": "A Poorly Programmed Production. Presenting: Abc Kids!",
    "copyright": "Copyright © 2016 none",
    "sourcePaths" : ["source",
      "../JMiscLib/source",
      "../IniLib/source",
      "../JecsdlLib/source"],
    "importPaths" : ["source",
      "../JMiscLib/source",
      "../IniLib/source",
      "../JecsdlLib/source"],
    "dependencies": {
      "unit-threaded": "~>1.0.2",
      "arsd-official:terminal": "~>8.5.4",
      "bindbc-sdl": "~>0.13.0"
    },
    "versions": [
      "SDL_2010",
      "BindSDL_Image",
      "BindSDL_TTF",
      "BindSDL_Mixer"
    ]
  }
